generation,n_eval,obj_min,obj_median,obj_max,best_obj_in_generation
1,180,1.8013092279434204,31.654577255249023,346.5155944824219,1.8013092279434204
2,180,1.6979738473892212,7.835724353790283,323.65667724609375,1.6979738473892212
3,180,1.6942155361175537,4.193382263183594,167.40499877929688,1.6942155361175537
4,180,1.6680289506912231,3.080576181411743,224.14468383789062,1.6680289506912231
5,180,1.6427383422851562,3.295371890068054,234.84251403808594,1.6427383422851562
6,180,1.6209150552749634,3.4552942514419556,97.57378387451172,1.6209150552749634
7,180,1.647425889968872,4.371338844299316,156.48599243164062,1.647425889968872
8,180,1.6099321842193604,3.4224014282226562,232.50762939453125,1.6099321842193604
9,180,1.6105247735977173,3.631852388381958,260.74139404296875,1.6105247735977173
10,180,1.489527702331543,3.2078574895858765,385.6021423339844,1.489527702331543
11,180,1.5869860649108887,2.541466236114502,141.2379150390625,1.5869860649108887
12,180,1.512108564376831,2.54486620426178,113.07884979248047,1.512108564376831
13,180,1.6382484436035156,2.516375780105591,141.29061889648438,1.6382484436035156
14,180,1.512458086013794,2.248369336128235,219.44784545898438,1.512458086013794
15,180,1.461051106452942,2.401155948638916,241.8397674560547,1.461051106452942
16,180,1.4494826793670654,2.3115628957748413,178.40646362304688,1.4494826793670654
17,180,1.5124518871307373,2.1682066917419434,52.412593841552734,1.5124518871307373
18,180,1.4979058504104614,2.1016392707824707,67.73577880859375,1.4979058504104614
19,180,1.6286948919296265,1.8948848843574524,48.909427642822266,1.6286948919296265
20,180,1.4405028820037842,1.9808526635169983,78.85242462158203,1.4405028820037842
21,180,1.4730981588363647,2.009010434150696,50.921627044677734,1.4730981588363647
22,180,1.3450671434402466,2.4037219285964966,69.94664001464844,1.3450671434402466
23,180,1.459766149520874,2.3054014444351196,182.52008056640625,1.459766149520874
24,180,1.3347760438919067,2.0669065713882446,43.076026916503906,1.3347760438919067
25,180,1.2547942399978638,2.0041762590408325,27.201562881469727,1.2547942399978638
26,180,1.3981813192367554,2.003076672554016,83.74420166015625,1.3981813192367554
27,180,1.3381866216659546,2.1240439414978027,49.14997100830078,1.3381866216659546
28,180,1.5161913633346558,2.0500097274780273,37.95104217529297,1.5161913633346558
29,180,0.9520649909973145,1.9571632742881775,17.4428768157959,0.9520649909973145
30,180,1.0991179943084717,2.059201240539551,34.6053466796875,1.0991179943084717
31,180,1.6060125827789307,2.2085256576538086,26.531429290771484,1.6060125827789307
32,180,1.4365639686584473,1.9699915051460266,34.101192474365234,1.4365639686584473
33,180,1.3913458585739136,1.9968379735946655,23.808115005493164,1.3913458585739136
34,180,1.434934139251709,2.2701117992401123,64.17877960205078,1.434934139251709
35,180,1.2781211137771606,2.0549875497817993,34.341033935546875,1.2781211137771606
36,180,0.9465058445930481,1.9563348889350891,39.09077835083008,0.9465058445930481
37,180,1.0060889720916748,2.0466198921203613,290.7721252441406,1.0060889720916748
38,180,1.2146886587142944,2.0560578107833862,88.49705505371094,1.2146886587142944
39,180,1.3373842239379883,1.9868761897087097,67.61904907226562,1.3373842239379883
40,180,0.98732590675354,2.260857582092285,274.5099792480469,0.98732590675354
41,180,1.0629901885986328,2.095731258392334,86.8252182006836,1.0629901885986328
42,180,1.1936813592910767,1.9859716296195984,163.15463256835938,1.1936813592910767
43,180,1.0880298614501953,2.260603666305542,218.11219787597656,1.0880298614501953
44,180,1.0147238969802856,1.9408237934112549,97.43964385986328,1.0147238969802856
45,180,1.1585050821304321,1.8354173302650452,208.7906494140625,1.1585050821304321
46,180,0.7708296775817871,1.9730750918388367,250.30726623535156,0.7708296775817871
47,180,1.0002187490463257,1.758311688899994,185.24664306640625,1.0002187490463257
48,180,0.7059082388877869,2.072760820388794,59.02974319458008,0.7059082388877869
49,180,0.9598716497421265,2.052893280982971,56.23628234863281,0.9598716497421265
50,180,0.8863558769226074,2.0739963054656982,32.517250061035156,0.8863558769226074
51,180,1.298661231994629,1.943775713443756,105.77527618408203,1.298661231994629
52,180,0.8050237894058228,1.7804795503616333,54.771244049072266,0.8050237894058228
53,180,0.8259481191635132,1.7460711598396301,290.5381774902344,0.8259481191635132
54,180,0.7427231073379517,1.789299726486206,44.803768157958984,0.7427231073379517
55,180,1.067347526550293,1.8855262398719788,35.92967987060547,1.067347526550293
56,180,0.49163007736206055,1.7602183818817139,62.52952194213867,0.49163007736206055
57,180,0.7073896527290344,1.740930438041687,35.523658752441406,0.7073896527290344
58,180,0.8235501646995544,1.9574917554855347,57.31779098510742,0.8235501646995544
59,180,0.6351292133331299,1.7522547841072083,22.09838104248047,0.6351292133331299
60,180,0.9701963067054749,1.9352242350578308,84.0169677734375,0.9701963067054749
61,180,0.6681102514266968,1.8278946280479431,50.55027389526367,0.6681102514266968
62,180,0.6444801688194275,1.714672029018402,31.213909149169922,0.6444801688194275
63,180,0.4307940602302551,1.7210353016853333,41.48533630371094,0.4307940602302551
64,180,0.5361245274543762,1.75042062997818,43.487857818603516,0.5361245274543762
65,180,0.45894718170166016,1.7300572991371155,62.59312057495117,0.45894718170166016
66,180,0.376977801322937,1.7399179339408875,48.51508331298828,0.376977801322937
67,180,0.49515432119369507,1.7458952069282532,49.58475875854492,0.49515432119369507
68,180,0.5214012265205383,1.7316431999206543,65.80104064941406,0.5214012265205383
69,180,0.4415169954299927,1.7425618767738342,38.6813850402832,0.4415169954299927
70,180,0.5304045677185059,1.75469970703125,101.00055694580078,0.5304045677185059
71,180,0.3001439571380615,1.7079764008522034,46.49294662475586,0.3001439571380615
72,180,0.43867921829223633,1.4341312050819397,30.40412712097168,0.43867921829223633
73,180,0.5301552414894104,1.6932231187820435,33.85068130493164,0.5301552414894104
74,180,0.3584505319595337,1.5581647753715515,40.32712173461914,0.3584505319595337
75,180,0.3843649625778198,1.4632816314697266,48.84674072265625,0.3843649625778198
76,180,0.30690836906433105,1.6682971119880676,43.1477165222168,0.30690836906433105
77,180,0.3221466541290283,1.6583802700042725,38.96197509765625,0.3221466541290283
78,180,0.22935038805007935,1.3343981504440308,56.85969543457031,0.22935038805007935
79,180,0.19738519191741943,1.2321676015853882,58.4404296875,0.19738519191741943
80,180,0.3022118806838989,1.489039123058319,45.56288146972656,0.3022118806838989
81,180,0.24960732460021973,1.6652063727378845,216.5190887451172,0.24960732460021973
82,180,0.30564749240875244,1.615394413471222,52.004852294921875,0.30564749240875244
83,180,0.303824782371521,1.6807848811149597,67.24604034423828,0.303824782371521
84,180,0.17001235485076904,1.1331263780593872,38.35112380981445,0.17001235485076904
85,180,0.25539106130599976,0.7396782040596008,30.43207550048828,0.25539106130599976
86,180,0.216549813747406,0.8546711802482605,24.815818786621094,0.216549813747406
87,180,0.1794145107269287,0.5781639814376831,23.440237045288086,0.1794145107269287
88,180,0.2072674036026001,0.5870728492736816,11.599654197692871,0.2072674036026001
89,180,0.25936514139175415,0.6879485249519348,28.85114097595215,0.25936514139175415
90,180,0.20395511388778687,0.5837674140930176,26.16604232788086,0.20395511388778687
91,180,0.15133869647979736,0.4873073101043701,25.744840621948242,0.15133869647979736
92,180,0.15456068515777588,0.5122116804122925,18.7407283782959,0.15456068515777588
93,180,0.1772913932800293,0.48118844628334045,33.475990295410156,0.1772913932800293
94,180,0.16555804014205933,0.46935391426086426,63.047760009765625,0.16555804014205933
95,180,0.17412447929382324,0.47179654240608215,24.282020568847656,0.17412447929382324
96,180,0.16299748420715332,0.47231796383857727,35.46013259887695,0.16299748420715332
97,180,0.16146773099899292,0.47762131690979004,27.047832489013672,0.16146773099899292
98,180,0.15343338251113892,0.4322720468044281,29.709333419799805,0.15343338251113892
99,180,0.13371896743774414,0.30223947763442993,31.465351104736328,0.13371896743774414
100,180,0.13439148664474487,0.465938925743103,22.06736183166504,0.13439148664474487
101,180,0.14425981044769287,0.5860553681850433,21.3227596282959,0.14425981044769287
102,180,0.1241990327835083,0.4547470808029175,23.47702407836914,0.1241990327835083
103,180,0.14718902111053467,0.5883168876171112,28.072986602783203,0.14718902111053467
104,180,0.14630937576293945,0.46797245740890503,42.43385314941406,0.14630937576293945
105,180,0.13353514671325684,0.4455792307853699,16.643714904785156,0.13353514671325684
106,180,0.13388216495513916,0.4246044158935547,25.564165115356445,0.13388216495513916
107,180,0.13062280416488647,0.4355628788471222,20.46674346923828,0.13062280416488647
108,180,0.13955974578857422,0.3955092430114746,18.300960540771484,0.13955974578857422
109,180,0.12649005651474,0.4407104253768921,13.009974479675293,0.12649005651474
110,180,0.13891613483428955,0.49274930357933044,27.649127960205078,0.13891613483428955
111,180,0.13928824663162231,0.43300628662109375,15.646868705749512,0.13928824663162231
112,180,0.13871294260025024,0.45157474279403687,24.832355499267578,0.13871294260025024
113,180,0.13286083936691284,0.4157502353191376,15.502301216125488,0.13286083936691284
114,180,0.1324511170387268,0.41408571600914,15.263667106628418,0.1324511170387268
115,180,0.12707293033599854,0.3522837460041046,14.880971908569336,0.12707293033599854
116,180,0.12623131275177002,0.33939915895462036,30.169212341308594,0.12623131275177002
117,180,0.12871861457824707,0.511579692363739,25.950124740600586,0.12871861457824707
118,180,0.12451440095901489,0.29291051626205444,22.409914016723633,0.12451440095901489
119,180,0.12576109170913696,0.23441767692565918,22.741331100463867,0.12576109170913696
120,180,0.12426245212554932,0.201471745967865,19.907611846923828,0.12426245212554932
121,180,0.12799328565597534,0.3800056278705597,21.572139739990234,0.12799328565597534
122,180,0.13075846433639526,0.2929566204547882,20.390457153320312,0.13075846433639526
123,180,0.12531763315200806,0.2467321753501892,19.87419891357422,0.12531763315200806
124,180,0.12318873405456543,0.2437053918838501,19.017438888549805,0.12318873405456543
125,180,0.12066084146499634,0.20532077550888062,15.717764854431152,0.12066084146499634
126,180,0.12005800008773804,0.26557010412216187,14.278613090515137,0.12005800008773804
127,180,0.12191957235336304,0.2656034231185913,16.548452377319336,0.12191957235336304
128,180,0.12283629179000854,0.35086384415626526,17.25765037536621,0.12283629179000854
129,180,0.12023866176605225,0.25241172313690186,15.505193710327148,0.12023866176605225
130,180,0.11805886030197144,0.2711765468120575,13.996576309204102,0.11805886030197144
131,180,0.11864560842514038,0.34772223234176636,14.406505584716797,0.11864560842514038
132,180,0.11798322200775146,0.31662046909332275,11.575435638427734,0.11798322200775146
133,180,0.12012648582458496,0.4443102777004242,24.083717346191406,0.12012648582458496
134,180,0.11899006366729736,0.4456823468208313,21.487592697143555,0.11899006366729736
135,180,0.1145363450050354,0.31605634093284607,15.819058418273926,0.1145363450050354
136,180,0.11681807041168213,0.44782987236976624,21.594791412353516,0.11681807041168213
137,180,0.11910688877105713,0.41541537642478943,27.05545425415039,0.11910688877105713
138,180,0.11739253997802734,0.4990732967853546,23.1866455078125,0.11739253997802734
139,180,0.11552286148071289,0.2986065149307251,18.599851608276367,0.11552286148071289
140,180,0.11804091930389404,0.37534260749816895,23.97003173828125,0.11804091930389404
141,180,0.11967086791992188,0.3361118733882904,28.858661651611328,0.11967086791992188
142,180,0.11624783277511597,0.3818214535713196,26.511886596679688,0.11624783277511597
143,180,0.11921048164367676,0.4417494237422943,15.456329345703125,0.11921048164367676
144,180,0.11501634120941162,0.44001394510269165,16.20900535583496,0.11501634120941162
145,180,0.11031758785247803,0.3081181049346924,24.35088348388672,0.11031758785247803
146,180,0.12181192636489868,0.28285831212997437,18.693056106567383,0.12181192636489868
147,180,0.1130325198173523,0.22583305835723877,15.39213752746582,0.1130325198173523
148,180,0.1174854040145874,0.20807921886444092,15.126404762268066,0.1174854040145874
149,180,0.10950183868408203,0.17298805713653564,13.574386596679688,0.10950183868408203
150,180,0.11070007085800171,0.18253225088119507,13.042176246643066,0.11070007085800171
151,180,0.11159312725067139,0.19123175740242004,13.279099464416504,0.11159312725067139
152,180,0.111225426197052,0.6152769327163696,16.523845672607422,0.111225426197052
153,180,0.11054211854934692,0.3402842879295349,14.044683456420898,0.11054211854934692
154,180,0.1087867021560669,0.6921504139900208,15.381251335144043,0.1087867021560669
155,180,0.11355853080749512,0.6979039311408997,15.408208847045898,0.11355853080749512
156,180,0.1067817211151123,0.5119486451148987,12.940540313720703,0.1067817211151123
157,180,0.10976612567901611,0.3759176731109619,14.713150024414062,0.10976612567901611
158,180,0.10887157917022705,0.3442210555076599,14.292928695678711,0.10887157917022705
159,180,0.10852539539337158,0.18874523043632507,12.418136596679688,0.10852539539337158
160,180,0.11060094833374023,0.3160302937030792,16.689064025878906,0.11060094833374023
161,180,0.11042290925979614,0.30500710010528564,20.165990829467773,0.11042290925979614
162,180,0.10883867740631104,0.5550696849822998,12.669124603271484,0.10883867740631104
163,180,0.10753953456878662,0.40476852655410767,12.808915138244629,0.10753953456878662
164,180,0.11173421144485474,0.6683024168014526,22.266603469848633,0.11173421144485474
165,180,0.10864132642745972,0.31888091564178467,11.884859085083008,0.10864132642745972
166,180,0.10929703712463379,0.367613285779953,12.399003028869629,0.10929703712463379
167,180,0.11017096042633057,0.34344038367271423,15.756338119506836,0.11017096042633057
168,180,0.11055350303649902,0.3033071756362915,11.654837608337402,0.11055350303649902
169,180,0.11021870374679565,0.29419365525245667,14.405633926391602,0.11021870374679565
170,180,0.10867232084274292,0.3361087143421173,10.82813835144043,0.10867232084274292
171,180,0.11191612482070923,0.5163208246231079,19.538423538208008,0.11191612482070923
172,180,0.11273908615112305,0.5963555574417114,13.716814994812012,0.11273908615112305
173,180,0.10938388109207153,0.20871466398239136,10.960824012756348,0.10938388109207153
174,180,0.10724860429763794,0.25597378611564636,11.18160629272461,0.10724860429763794
175,180,0.10866332054138184,0.4468250274658203,11.615804672241211,0.10866332054138184
176,180,0.10821545124053955,0.17618617415428162,11.164531707763672,0.10821545124053955
177,180,0.10659277439117432,0.19604161381721497,9.518369674682617,0.10659277439117432
178,180,0.10900366306304932,0.17346850037574768,10.215277671813965,0.10900366306304932
179,180,0.1082381010055542,0.3082766532897949,15.047430038452148,0.1082381010055542
180,180,0.10758960247039795,0.16770410537719727,13.272149085998535,0.10758960247039795
181,180,0.10573267936706543,0.1475154161453247,10.636992454528809,0.10573267936706543
182,180,0.10673165321350098,0.2575889825820923,12.124141693115234,0.10673165321350098
183,180,0.10470312833786011,0.19093656539916992,15.837196350097656,0.10470312833786011
184,180,0.1067885160446167,1.461059808731079,11.936156272888184,0.1067885160446167
185,180,0.1059868335723877,0.24696511030197144,10.609650611877441,0.1059868335723877
186,180,0.10643255710601807,1.3315832018852234,11.39975643157959,0.10643255710601807
187,180,0.10731667280197144,0.22032305598258972,14.296541213989258,0.10731667280197144
188,180,0.10833489894866943,1.3482038974761963,18.538604736328125,0.10833489894866943
189,180,0.10578954219818115,0.7361177206039429,12.47627067565918,0.10578954219818115
190,180,0.1062626838684082,0.1992919147014618,16.75879669189453,0.1062626838684082
191,180,0.10604280233383179,1.1992132663726807,13.518274307250977,0.10604280233383179
192,180,0.10526573657989502,0.7425822913646698,13.110516548156738,0.10526573657989502
193,180,0.10712051391601562,0.6269116401672363,21.48971939086914,0.10712051391601562
194,180,0.10700398683547974,0.758840024471283,14.648877143859863,0.10700398683547974
195,180,0.1050562858581543,0.5687584280967712,11.976879119873047,0.1050562858581543
196,180,0.10598021745681763,0.5447615385055542,16.430421829223633,0.10598021745681763
197,180,0.10498523712158203,1.577683687210083,12.763714790344238,0.10498523712158203
198,180,0.10746896266937256,0.44061318039894104,19.088716506958008,0.10746896266937256
199,180,0.10671329498291016,1.3967228531837463,10.46456241607666,0.10671329498291016
200,180,0.10596132278442383,1.131050944328308,14.031445503234863,0.10596132278442383
201,180,0.10455179214477539,0.19759008288383484,10.28612995147705,0.10455179214477539
202,180,0.1050182580947876,0.12957581877708435,11.61877155303955,0.1050182580947876
203,180,0.1034996509552002,0.12226063013076782,12.241182327270508,0.1034996509552002
204,180,0.10474658012390137,0.12463828921318054,8.327549934387207,0.10474658012390137
205,180,0.10464209318161011,0.14001306891441345,10.384394645690918,0.10464209318161011
206,180,0.10296028852462769,0.13261887431144714,8.952116012573242,0.10296028852462769
207,180,0.10438847541809082,0.11958780884742737,7.278501033782959,0.10438847541809082
208,180,0.10338032245635986,0.11995869874954224,9.722474098205566,0.10338032245635986
209,180,0.10412728786468506,0.17575529217720032,12.584676742553711,0.10412728786468506
210,180,0.10457468032836914,0.13655555248260498,8.016749382019043,0.10457468032836914
211,180,0.10020303726196289,0.11374688148498535,9.712374687194824,0.10020303726196289
212,180,0.10036760568618774,0.11497434973716736,9.344866752624512,0.10036760568618774
213,180,0.10143846273422241,0.14017030596733093,7.6454572677612305,0.10143846273422241
214,180,0.10031098127365112,0.13988667726516724,7.395783424377441,0.10031098127365112
215,180,0.10076451301574707,0.12662026286125183,12.998594284057617,0.10076451301574707
216,180,0.09851998090744019,0.1250302493572235,11.047945976257324,0.09851998090744019
217,180,0.0992511510848999,0.1437845528125763,9.481795310974121,0.0992511510848999
218,180,0.09760046005249023,0.1337808072566986,10.267414093017578,0.09760046005249023
219,180,0.10134994983673096,0.14386531710624695,9.437399864196777,0.10134994983673096
220,180,0.10124379396438599,0.13905799388885498,18.199148178100586,0.10124379396438599
221,180,0.09794682264328003,0.1572543978691101,3.3744559288024902,0.09794682264328003
222,180,0.10382813215255737,0.15968585014343262,6.578888416290283,0.10382813215255737
223,180,0.09805458784103394,0.1309114396572113,8.432415962219238,0.09805458784103394
224,180,0.1007261872291565,0.16566938161849976,6.625821590423584,0.1007261872291565
225,180,0.09755122661590576,0.15325745940208435,5.253929138183594,0.09755122661590576
226,180,0.09807777404785156,0.1396341621875763,2.4093453884124756,0.09807777404785156
227,180,0.09751754999160767,0.11548507213592529,2.549708843231201,0.09751754999160767
228,180,0.09826016426086426,0.11914768815040588,11.785282135009766,0.09826016426086426
229,180,0.09784913063049316,0.1487133502960205,10.884771347045898,0.09784913063049316
230,180,0.09769183397293091,0.1478429138660431,13.831771850585938,0.09769183397293091
231,180,0.09980446100234985,0.13576242327690125,11.585926055908203,0.09980446100234985
232,180,0.09833520650863647,0.13117018342018127,15.499812126159668,0.09833520650863647
233,180,0.09811419248580933,0.14760231971740723,17.690284729003906,0.09811419248580933
234,180,0.0996866226196289,0.14174848794937134,11.629066467285156,0.0996866226196289
235,180,0.0976300835609436,0.14964091777801514,11.928716659545898,0.0976300835609436
236,180,0.09954482316970825,0.13051369786262512,12.440505981445312,0.09954482316970825
237,180,0.09747624397277832,0.11648988723754883,12.537301063537598,0.09747624397277832
238,180,0.0975179672241211,0.1473710834980011,14.229696273803711,0.0975179672241211
239,180,0.09649169445037842,0.1455720067024231,11.995869636535645,0.09649169445037842
240,180,0.09754526615142822,0.3507344126701355,12.361806869506836,0.09754526615142822
241,180,0.09710705280303955,0.3872438669204712,12.470085144042969,0.09710705280303955
242,180,0.0973365306854248,0.16363006830215454,8.748340606689453,0.0973365306854248
243,180,0.09758162498474121,0.15494275093078613,10.423952102661133,0.09758162498474121
244,180,0.09761196374893188,0.16467741131782532,12.281285285949707,0.09761196374893188
245,180,0.09745174646377563,0.5964197814464569,9.419745445251465,0.09745174646377563
246,180,0.09818100929260254,0.3675461411476135,11.754210472106934,0.09818100929260254
247,180,0.09666895866394043,0.30221375823020935,9.114023208618164,0.09666895866394043
248,180,0.09685999155044556,0.4478786885738373,9.669601440429688,0.09685999155044556
249,180,0.09790199995040894,0.4142146110534668,12.20097827911377,0.09790199995040894
250,180,0.0962439775466919,0.5242343246936798,10.345854759216309,0.0962439775466919
251,180,0.09607201814651489,0.1300862431526184,2.7084741592407227,0.09607201814651489
252,180,0.09620398283004761,0.39050960540771484,10.549351692199707,0.09620398283004761
253,180,0.0964168906211853,0.3434787392616272,11.170916557312012,0.0964168906211853
254,180,0.09504926204681396,0.14143028855323792,12.38697624206543,0.09504926204681396
255,180,0.09651505947113037,0.588275283575058,12.251058578491211,0.09651505947113037
256,180,0.09522861242294312,0.16956594586372375,11.044926643371582,0.09522861242294312
257,180,0.09614264965057373,0.37858983874320984,10.779191970825195,0.09614264965057373
258,180,0.09557706117630005,0.13347002863883972,11.453990936279297,0.09557706117630005
259,180,0.09643286466598511,0.23374608159065247,11.844390869140625,0.09643286466598511
260,180,0.09645342826843262,0.15944698452949524,11.841047286987305,0.09645342826843262
261,180,0.09558570384979248,0.18643391132354736,12.827037811279297,0.09558570384979248
262,180,0.0967361330986023,0.7146673500537872,11.383870124816895,0.0967361330986023
263,180,0.09552979469299316,0.11944085359573364,11.847899436950684,0.09552979469299316
264,180,0.09552878141403198,0.19485187530517578,15.865684509277344,0.09552878141403198
265,180,0.09668129682540894,0.29402902722358704,11.179972648620605,0.09668129682540894
266,180,0.09546536207199097,0.32748353481292725,11.971150398254395,0.09546536207199097
267,180,0.09540510177612305,0.10950395464897156,9.994879722595215,0.09540510177612305
268,180,0.095883309841156,0.15040355920791626,18.399188995361328,0.095883309841156
269,180,0.09596067667007446,0.256273090839386,11.568836212158203,0.09596067667007446
270,180,0.0960189700126648,0.12494766712188721,11.60909652709961,0.0960189700126648
271,180,0.09576106071472168,0.10786929726600647,11.186125755310059,0.09576106071472168
272,180,0.09550869464874268,0.1208808422088623,11.812155723571777,0.09550869464874268
273,180,0.09486764669418335,0.1286448836326599,10.652986526489258,0.09486764669418335
274,180,0.09583568572998047,0.2679579257965088,11.468714714050293,0.09583568572998047
275,180,0.09456062316894531,0.12327131628990173,9.969388008117676,0.09456062316894531
276,180,0.09429389238357544,0.10632061958312988,11.572643280029297,0.09429389238357544
277,180,0.09523916244506836,0.28195446729660034,11.720829963684082,0.09523916244506836
278,180,0.09377706050872803,0.23683738708496094,15.25678539276123,0.09377706050872803
279,180,0.09369558095932007,0.2085248827934265,9.955114364624023,0.09369558095932007
280,180,0.09470957517623901,0.14306104183197021,8.853041648864746,0.09470957517623901
281,180,0.09480005502700806,0.7125242650508881,15.5877685546875,0.09480005502700806
282,180,0.09398913383483887,0.4105357825756073,16.327808380126953,0.09398913383483887
283,180,0.09440958499908447,0.7304666042327881,12.607503890991211,0.09440958499908447
284,180,0.09517502784729004,0.818354457616806,15.366167068481445,0.09517502784729004
285,180,0.0938916802406311,0.1892167329788208,11.69088077545166,0.0938916802406311
286,180,0.09499537944793701,0.12296345829963684,9.999326705932617,0.09499537944793701
287,180,0.09452283382415771,0.14114564657211304,15.790964126586914,0.09452283382415771
288,180,0.0949941873550415,0.13878005743026733,13.688984870910645,0.0949941873550415
289,180,0.09414666891098022,0.28955212235450745,9.712066650390625,0.09414666891098022
290,180,0.09450745582580566,0.10557231307029724,9.791301727294922,0.09450745582580566
291,180,0.09449970722198486,0.10787490010261536,10.55813980102539,0.09449970722198486
292,180,0.09358912706375122,0.10160428285598755,13.935625076293945,0.09358912706375122
293,180,0.09396320581436157,0.5462389886379242,12.0647611618042,0.09396320581436157
294,180,0.09406423568725586,0.26814964413642883,10.82764720916748,0.09406423568725586
295,180,0.09430110454559326,0.13752302527427673,21.835918426513672,0.09430110454559326
296,180,0.09386575222015381,0.12455934286117554,10.025035858154297,0.09386575222015381
297,180,0.09393000602722168,0.11890339851379395,10.305130958557129,0.09393000602722168
298,180,0.09385532140731812,0.14595746994018555,11.701820373535156,0.09385532140731812
299,180,0.09421813488006592,0.35223665833473206,12.412881851196289,0.09421813488006592
300,180,0.09401518106460571,0.2706504464149475,17.142972946166992,0.09401518106460571
301,180,0.09349489212036133,0.15898862481117249,12.828908920288086,0.09349489212036133
302,180,0.09361386299133301,0.09887585043907166,12.081480979919434,0.09361386299133301
303,180,0.09362667798995972,0.10270553827285767,14.306137084960938,0.09362667798995972
304,180,0.0935778021812439,0.09644818305969238,10.443408012390137,0.0935778021812439
305,180,0.09362852573394775,0.10995262861251831,11.64216423034668,0.09362852573394775
306,180,0.09359109401702881,0.09677708148956299,10.884510040283203,0.09359109401702881
307,180,0.09344285726547241,0.09927096962928772,11.681793212890625,0.09344285726547241
308,180,0.09326368570327759,0.09718459844589233,9.88785457611084,0.09326368570327759
309,180,0.09324479103088379,0.09770151972770691,9.451876640319824,0.09324479103088379
310,180,0.09328514337539673,0.10624861717224121,9.886204719543457,0.09328514337539673
311,180,0.09326803684234619,1.4516468048095703,12.388656616210938,0.09326803684234619
312,180,0.09385007619857788,1.6666669249534607,12.25925350189209,0.09385007619857788
313,180,0.09359395503997803,1.557586669921875,13.268869400024414,0.09359395503997803
314,180,0.09315884113311768,0.5395956039428711,13.303831100463867,0.09315884113311768
315,180,0.09327208995819092,0.16797247529029846,11.410070419311523,0.09327208995819092
316,180,0.093231201171875,0.22999665141105652,12.146171569824219,0.093231201171875
317,180,0.09319114685058594,0.10764539241790771,13.728206634521484,0.09319114685058594
318,180,0.0931854248046875,0.1103825569152832,12.652070045471191,0.0931854248046875
319,180,0.09318280220031738,0.11346498131752014,12.555713653564453,0.09318280220031738
320,180,0.09323340654373169,0.09903073310852051,14.060050010681152,0.09323340654373169
321,180,0.09294641017913818,0.11211267113685608,12.133210182189941,0.09294641017913818
322,180,0.09297263622283936,0.11861443519592285,9.478808403015137,0.09297263622283936
323,180,0.0933067798614502,0.9241401255130768,15.14489459991455,0.0933067798614502
324,180,0.09309083223342896,0.3028256595134735,12.391031265258789,0.09309083223342896
325,180,0.09280592203140259,0.187774658203125,10.367816925048828,0.09280592203140259
326,180,0.09302306175231934,0.9768794775009155,12.094919204711914,0.09302306175231934
327,180,0.09310036897659302,1.064343512058258,13.056139945983887,0.09310036897659302
328,180,0.09299403429031372,0.16690725088119507,12.440949440002441,0.09299403429031372
329,180,0.09307265281677246,0.9465886354446411,14.370399475097656,0.09307265281677246
330,180,0.09287768602371216,0.13112694025039673,12.009636878967285,0.09287768602371216
331,180,0.09281361103057861,0.5108135640621185,11.835633277893066,0.09281361103057861
332,180,0.09289342164993286,0.784300297498703,11.438627243041992,0.09289342164993286
333,180,0.09290528297424316,1.3623763918876648,12.940810203552246,0.09290528297424316
334,180,0.0929364562034607,0.13202619552612305,11.93409538269043,0.0929364562034607
335,180,0.09291231632232666,0.16822287440299988,12.182726860046387,0.09291231632232666
336,180,0.09262722730636597,1.204489529132843,16.120418548583984,0.09262722730636597
337,180,0.09292221069335938,1.338543176651001,15.212603569030762,0.09292221069335938
338,180,0.09271681308746338,1.1810771822929382,23.05391502380371,0.09271681308746338
339,180,0.09268373250961304,1.2427887916564941,11.686376571655273,0.09268373250961304
340,180,0.09274697303771973,1.339596688747406,11.788041114807129,0.09274697303771973
341,180,0.0928502082824707,1.2993850708007812,11.640172958374023,0.0928502082824707
342,180,0.09287965297698975,1.0973901748657227,12.01876449584961,0.09287965297698975
343,180,0.09268611669540405,1.2250289916992188,11.51826286315918,0.09268611669540405
344,180,0.0931020975112915,1.1606221199035645,15.834773063659668,0.0931020975112915
345,180,0.09298217296600342,1.4537283778190613,13.069899559020996,0.09298217296600342
346,180,0.09288465976715088,1.3888071179389954,14.228271484375,0.09288465976715088
347,180,0.0928260087966919,1.2143630981445312,11.164531707763672,0.0928260087966919
348,180,0.09285277128219604,1.0729580521583557,11.194957733154297,0.09285277128219604
349,180,0.09290599822998047,1.2601885795593262,12.033790588378906,0.09290599822998047
350,180,0.0926661491394043,1.008827030658722,20.582862854003906,0.0926661491394043
351,180,0.09268701076507568,1.6635195016860962,16.68724250793457,0.09268701076507568
352,180,0.0926978588104248,1.6307514309883118,11.237147331237793,0.0926978588104248
353,180,0.09290432929992676,1.134694218635559,13.2578706741333,0.09290432929992676
354,180,0.09281027317047119,1.2314621210098267,12.184649467468262,0.09281027317047119
355,180,0.09279108047485352,1.273461639881134,14.317978858947754,0.09279108047485352
356,180,0.09258967638015747,1.2051932215690613,13.019562721252441,0.09258967638015747
357,180,0.09287339448928833,1.3337243795394897,11.51328182220459,0.09287339448928833
358,180,0.09270578622817993,1.180892825126648,11.708062171936035,0.09270578622817993
359,180,0.09261232614517212,1.1810505390167236,12.50187873840332,0.09261232614517212
360,180,0.09264099597930908,0.6773777008056641,11.09446907043457,0.09264099597930908
361,180,0.09266096353530884,1.4889020323753357,13.937782287597656,0.09266096353530884
362,180,0.09266382455825806,0.7268731594085693,11.1195650100708,0.09266382455825806
363,180,0.09253507852554321,0.7345000803470612,11.410871505737305,0.09253507852554321
364,180,0.09261429309844971,0.43240684270858765,13.043010711669922,0.09261429309844971
365,180,0.09261691570281982,0.12678751349449158,12.88851547241211,0.09261691570281982
366,180,0.09261620044708252,0.23993408679962158,11.251877784729004,0.09261620044708252
367,180,0.09252560138702393,0.2029527723789215,11.575765609741211,0.09252560138702393
368,180,0.09260940551757812,0.3070661425590515,9.953156471252441,0.09260940551757812
369,180,0.09264463186264038,0.4100525677204132,11.175284385681152,0.09264463186264038
370,180,0.09262841939926147,0.5362738370895386,25.029539108276367,0.09262841939926147
371,180,0.09264540672302246,0.3574535846710205,13.128637313842773,0.09264540672302246
372,180,0.09288525581359863,0.9728560745716095,10.81767749786377,0.09288525581359863
373,180,0.09259665012359619,1.0821187496185303,13.437201499938965,0.09259665012359619
374,180,0.09289133548736572,0.2728614807128906,12.914116859436035,0.09289133548736572
375,180,0.09266018867492676,0.7763593792915344,15.069391250610352,0.09266018867492676
376,180,0.09249091148376465,0.2643883228302002,10.763211250305176,0.09249091148376465
377,180,0.0926617980003357,1.079380452632904,13.804102897644043,0.0926617980003357
378,180,0.09266245365142822,0.8695993423461914,15.328529357910156,0.09266245365142822
379,180,0.09267318248748779,0.7450059056282043,10.341507911682129,0.09267318248748779
380,180,0.09277880191802979,1.090733528137207,12.361379623413086,0.09277880191802979
381,180,0.09262913465499878,1.1188968420028687,17.116416931152344,0.09262913465499878
382,180,0.09263956546783447,0.373740017414093,10.536048889160156,0.09263956546783447
383,180,0.09253323078155518,0.25443845987319946,11.847550392150879,0.09253323078155518
384,180,0.09246188402175903,0.26969972252845764,13.379378318786621,0.09246188402175903
385,180,0.092582106590271,0.14557573199272156,12.160406112670898,0.092582106590271
386,180,0.09255141019821167,0.10005980730056763,10.962676048278809,0.09255141019821167
387,180,0.09251034259796143,0.10485062003135681,11.110158920288086,0.09251034259796143
388,180,0.09249085187911987,0.10166981816291809,9.615341186523438,0.09249085187911987
389,180,0.09254491329193115,0.14798197150230408,11.300436019897461,0.09254491329193115
390,180,0.09256535768508911,0.09450370073318481,10.449499130249023,0.09256535768508911
391,180,0.09250396490097046,0.10058492422103882,12.10732364654541,0.09250396490097046
392,180,0.09249758720397949,0.09772089123725891,11.577829360961914,0.09249758720397949
393,180,0.0925750732421875,0.11380648612976074,17.647077560424805,0.0925750732421875
394,180,0.09255939722061157,0.10668659210205078,10.578269958496094,0.09255939722061157
395,180,0.09242862462997437,0.10288536548614502,10.336701393127441,0.09242862462997437
396,180,0.09249085187911987,0.1045563817024231,10.56745719909668,0.09249085187911987
397,180,0.09249693155288696,0.11535829305648804,8.310342788696289,0.09249693155288696
398,180,0.09250152111053467,0.15262484550476074,11.061433792114258,0.09250152111053467
399,180,0.09253090620040894,0.15743622183799744,10.622425079345703,0.09253090620040894
400,180,0.09243255853652954,0.1283227801322937,9.871438980102539,0.09243255853652954
401,180,0.09255093336105347,0.12036499381065369,9.508870124816895,0.09255093336105347
402,180,0.09262722730636597,0.2339339554309845,11.276851654052734,0.09262722730636597
403,180,0.09249347448348999,0.21007949113845825,14.9869384765625,0.09249347448348999
404,180,0.09251713752746582,0.131002277135849,11.895805358886719,0.09251713752746582
405,180,0.09244763851165771,0.10679107904434204,9.186128616333008,0.09244763851165771
406,180,0.0924227237701416,0.14252254366874695,12.83145523071289,0.0924227237701416
407,180,0.09252893924713135,0.878608226776123,14.342392921447754,0.09252893924713135
408,180,0.0924675464630127,0.3292229473590851,10.932380676269531,0.0924675464630127
409,180,0.09248483180999756,0.3878101706504822,12.57222843170166,0.09248483180999756
410,180,0.09256130456924438,0.9999713599681854,11.713624000549316,0.09256130456924438
411,180,0.0924527645111084,0.6785163283348083,10.90733814239502,0.0924527645111084
412,180,0.09245806932449341,0.35916125774383545,11.388907432556152,0.09245806932449341
413,180,0.09251010417938232,0.4041757881641388,16.940187454223633,0.09251010417938232
414,180,0.0924687385559082,0.294297456741333,11.367514610290527,0.0924687385559082
415,180,0.09243488311767578,0.25681015849113464,10.514342308044434,0.09243488311767578
416,180,0.09243357181549072,0.28547385334968567,11.850464820861816,0.09243357181549072
417,180,0.09239178895950317,0.15668678283691406,11.60987663269043,0.09239178895950317
418,180,0.09252870082855225,0.310737669467926,16.098709106445312,0.09252870082855225
419,180,0.09247207641601562,0.31499674916267395,21.0526180267334,0.09247207641601562
